{
  "locale": {
    "default": {
      "code": "en",
      "link": "index_en.html"
    },
    "message": {
      "en": {
        "name": "English",
        "message": {
          "title": "Genshin Map - Choose-country-region",
          "siteTitle": "Genshin Map",
          "loading": "Loading",
          "language": "language",
          "feedback": "Feedback",
          "cycor": "Choose Your Country or Regione",
          "tips": "Sorry, this area is not currently supported\n you can visit our English page"
        }
      },
      "zh": {
        "name": "中文",
        "message": {
          "title": "原神地图 - 选择您的国家或者地区",
          "siteTitle": "原神地图",
          "loading": "加载中",
          "language": "语言",
          "feedback": "反馈",
          "cycor": "选择您的国家或者地区"
        }
      },
      "ja": {
        "name": "日本語",
        "message": {
          "title": "原神地図 - 国または地域を選択します",
          "siteTitle": "原神地図",
          "loading": "ローディング中",
          "language": "言語",
          "feedback": "フィードバック",
          "cycor": "国または地域を選択します",
          "tips": "申し訳ありませんが、このエリアは現在サポートされていません\n英語のページにアクセスしてください。"
        }
      },
      "zh-TW": {
        "name": "中文繁體",
        "message": {
          "title": "原神地圖 - 選擇您的國家或者地區",
          "siteTitle": "原神地図",
          "loading": "加載中",
          "language": "語言",
          "feedback": "反饋",
          "cycor": "選擇您的國家或者地區",
          "tips": "抱歉, 暫時未支持該地區\n你可以訪問我們的英文頁面"
        }
      },
      "ru": {
        "name": "русский",
        "message": {
          "title": "Genshin Map - Выберите вашу страну или регион",
          "siteTitle": "Genshin Map",
          "loading": "Загрузка",
          "language": "Язык",
          "feedback": "Обратная связь",
          "cycor": "Выберите вашу страну или регион",
          "tips": "К сожалению, эта область в настоящее время не поддерживается\n вы можете посетить нашу страницу на английском языке"
        }
      },
      "de": {
        "name": "Deutsche",
        "message": {
          "title": "Genshin Map - Wählen Sie Ihr Land oder Ihre Region",
          "siteTitle": "Genshin Map",
          "loading": "Wird geladen",
          "language": "Sprache",
          "feedback": "Feedback",
          "cycor": "Wählen Sie Ihr Land oder Ihre Region",
          "tips": "Leider wird dieser Bereich derzeit nicht unterstützt\n Sie können unsere englische Seite besuchen"
        }
      }
    }
  },
  "countryRegion": [
    {
      "type": "Africa, Middle East, and India",
      "map": [
        {
          "name": "Bahrain",
          "code": "en-BH"
        },
        {
          "name": "البحرين",
          "code": "ar-BH"
        },
        {
          "name": "Botswana",
          "code": "en-BW"
        },
        {
          "name": "Cameroun",
          "code": "fr-CM"
        },
        {
          "name": "République Centrafricaine",
          "code": "fr-CF"
        },
        {
          "name": "Côte d'Ivoire",
          "code": "fr-CI"
        },
        {
          "name": "Egypt",
          "code": "en-EG"
        },
        {
          "name": "مصر",
          "code": "ar-EG"
        },
        {
          "name": "Guinea-Bissau",
          "code": "en-GW"
        },
        {
          "name": "Guinée",
          "code": "fr-GN"
        },
        {
          "name": "Guinée Equatoriale",
          "code": "fr-GQ"
        },
        {
          "name": "India",
          "code": "en-IN"
        },
        {
          "name": "Israel",
          "code": "en-IL"
        },
        {
          "name": "Jordan",
          "code": "en-JO"
        },
        {
          "name": "الأردن",
          "code": "ar-JO"
        },
        {
          "name": "Kenya",
          "code": "en-KE"
        },
        {
          "name": "Kuwait",
          "code": "en-KW"
        },
        {
          "name": "الكويت",
          "code": "ar-KW"
        },
        {
          "name": "Madagascar",
          "code": "en-MG"
        },
        {
          "name": "Mali",
          "code": "fr-ML"
        },
        {
          "name": "Maroc",
          "code": "fr-MA"
        },
        {
          "name": "Maurice",
          "code": "fr-MU"
        },
        {
          "name": "Mozambique",
          "code": "en-MZ"
        },
        {
          "name": "Niger",
          "code": "fr-NE"
        },
        {
          "name": "Nigeria",
          "code": "en-NG"
        },
        {
          "name": "Oman",
          "code": "en-OM"
        },
        {
          "name": "عُمان",
          "code": "ar-OM"
        },
        {
          "name": "Qatar",
          "code": "en-QA"
        },
        {
          "name": "قطر",
          "code": "ar-QA"
        },
        {
          "name": "Saudi Arabia",
          "code": "en-SA"
        },
        {
          "name": "المملكة العربية السعودية",
          "code": "ar-SA"
        },
        {
          "name": "Sénégal",
          "code": "fr-SN"
        },
        {
          "name": "South Africa",
          "code": "en-ZA"
        },
        {
          "name": "Tunisie",
          "code": "fr-TN"
        },
        {
          "name": "Uganda",
          "code": "en-UG"
        },
        {
          "name": "United Arab Emirates",
          "code": "en-AE"
        },
        {
          "name": "الإمارات العربية المتحدة",
          "code": "ar-AE"
        }
      ]
    },
    {
      "type": "Asia Pacific",
      "map": [
        {
          "name": "Australia",
          "code": "en-AU"
        },
        {
          "name": "中国大陆",
          "code": "zh-CN"
        },
        {
          "name": "中国香港(Hong Kong)",
          "code": "zh-HK"
        },
        {
          "name": "Indonesia",
          "code": "en-ID"
        },
        {
          "name": "日本",
          "code": "ja-JP"
        },
        {
          "name": "대한민국",
          "code": "ko-KR"
        },
        {
          "name": "中国澳門",
          "code": "zh-MO"
        },
        {
          "name": "Malaysia",
          "code": "en-MY"
        },
        {
          "name": "New Zealand",
          "code": "en-NZ"
        },
        {
          "name": "Philippines",
          "code": "en-PH"
        },
        {
          "name": "Singapore",
          "code": "en-SG"
        },
        {
          "name": "中国台灣",
          "code": "zh-TW"
        },
        {
          "name": "ไทย",
          "code": "th-TH"
        },
        {
          "name": "Vietnam",
          "code": "en-VN"
        }
      ]
    },
    {
      "type": "Europe",
      "map": [
        {
          "name": "Armenia",
          "code": "en-AM"
        },
        {
          "name": "Azerbaijan",
          "code": "en-AZ"
        },
        {
          "name": "Belarus",
          "code": "en-BY"
        },
        {
          "name": "België",
          "code": "nl-BE"
        },
        {
          "name": "Belgique",
          "code": "fr-BE"
        },
        {
          "name": "България",
          "code": "bg-BG"
        },
        {
          "name": "Česko",
          "code": "cs-CZ"
        },
        {
          "name": "Danmark",
          "code": "da-DK"
        },
        {
          "name": "Deutschland",
          "code": "de-DE"
        },
        {
          "name": "Eesti",
          "code": "et-EE"
        },
        {
          "name": "España",
          "code": "es-ES"
        },
        {
          "name": "France",
          "code": "fr-FR"
        },
        {
          "name": "Georgia",
          "code": "en-GE"
        },
        {
          "name": "Ελλάδα",
          "code": "el-GR"
        },
        {
          "name": "Hrvatska",
          "code": "hr-HR"
        },
        {
          "name": "Ireland",
          "code": "en-IE"
        },
        {
          "name": "Italia",
          "code": "it-IT"
        },
        {
          "name": "Kazakhstan",
          "code": "en-KZ"
        },
        {
          "name": "Kyrgyzstan",
          "code": "en-KG"
        },
        {
          "name": "Latvija",
          "code": "lv-LV"
        },
        {
          "name": "Liechtenstein",
          "code": "de-LI"
        },
        {
          "name": "Lietuva",
          "code": "lt-LT"
        },
        {
          "name": "Luxembourg",
          "code": "fr-LU"
        },
        {
          "name": "Magyarország",
          "code": "hu-HU"
        },
        {
          "name": "Malta",
          "code": "en-MT"
        },
        {
          "name": "Moldova",
          "code": "en-MD"
        },
        {
          "name": "Montenegro",
          "code": "en-ME"
        },
        {
          "name": "Nederland",
          "code": "nl-NL"
        },
        {
          "name": "North Macedonia",
          "code": "en-MK"
        },
        {
          "name": "Norge",
          "code": "no-NO"
        },
        {
          "name": "Österreich",
          "code": "de-AT"
        },
        {
          "name": "Polska",
          "code": "pl-PL"
        },
        {
          "name": "Portugal",
          "code": "pt-PT"
        },
        {
          "name": "România",
          "code": "ro-RO"
        },
        {
          "name": "Россия",
          "code": "ru-RU"
        },
        {
          "name": "Slovensko",
          "code": "sk-SK"
        },
        {
          "name": "Slovenia",
          "code": "en-SI"
        },
        {
          "name": "Schweiz",
          "code": "de-CH"
        },
        {
          "name": "Suisse",
          "code": "fr-CH"
        },
        {
          "name": "Suomi",
          "code": "fi-FI"
        },
        {
          "name": "Sverige",
          "code": "sv-SE"
        },
        {
          "name": "Tajikistan",
          "code": "en-TJ"
        },
        {
          "name": "Türkiye",
          "code": "tr-TR"
        },
        {
          "name": "Turkmenistan",
          "code": "en-TM"
        },
        {
          "name": "United Kingdom",
          "code": "en-GB"
        },
        {
          "name": "Україна",
          "code": "uk-UA"
        },
        {
          "name": "Uzbekistan",
          "code": "en-UZ"
        }
      ]
    },
    {
      "type": "Latin America and the Caribbean",
      "map": [
        {
          "name": "Anguilla",
          "code": "en-AI"
        },
        {
          "name": "Antigua & Barbuda",
          "code": "en-AG"
        },
        {
          "name": "Argentina",
          "code": "es-AR"
        },
        {
          "name": "Barbados",
          "code": "en-BB"
        },
        {
          "name": "Belize",
          "code": "en-BZ"
        },
        {
          "name": "Bermuda",
          "code": "en-BM"
        },
        {
          "name": "Bolivia",
          "code": "es-BO"
        },
        {
          "name": "Brasil",
          "code": "pt-BR"
        },
        {
          "name": "British Virgin Islands",
          "code": "en-VG"
        },
        {
          "name": "Cayman Islands",
          "code": "en-KY"
        },
        {
          "name": "Chile",
          "code": "es-CL"
        },
        {
          "name": "Colombia",
          "code": "es-CO"
        },
        {
          "name": "Costa Rica",
          "code": "es-CR"
        },
        {
          "name": "Dominica",
          "code": "en-DM"
        },
        {
          "name": "República Dominicana",
          "code": "es-DO"
        },
        {
          "name": "Ecuador",
          "code": "es-EC"
        },
        {
          "name": "El Salvador",
          "code": "es-SV"
        },
        {
          "name": "Grenada",
          "code": "en-GD"
        },
        {
          "name": "Guatemala",
          "code": "es-GT"
        },
        {
          "name": "Guyana",
          "code": "en-GY"
        },
        {
          "name": "Honduras",
          "code": "es-HN"
        },
        {
          "name": "Jamaica",
          "code": "en-JM"
        },
        {
          "name": "México",
          "code": "es-MX"
        },
        {
          "name": "Montserrat",
          "code": "en-MS"
        },
        {
          "name": "Nicaragua",
          "code": "es-NI"
        },
        {
          "name": "Panamá",
          "code": "es-PA"
        },
        {
          "name": "Paraguay",
          "code": "es-PY"
        },
        {
          "name": "Perú",
          "code": "es-PE"
        },
        {
          "name": "St. Kitts & Nevis",
          "code": "en-KN"
        },
        {
          "name": "St. Lucia",
          "code": "en-LC"
        },
        {
          "name": "St. Vincent & The Grenadines",
          "code": "en-VC"
        },
        {
          "name": "Suriname",
          "code": "en-SR"
        },
        {
          "name": "The Bahamas",
          "code": "en-BS"
        },
        {
          "name": "Trinidad & Tobago",
          "code": "en-TT"
        },
        {
          "name": "Turks & Caicos",
          "code": "en-TC"
        },
        {
          "name": "Uruguay",
          "code": "es-UY"
        },
        {
          "name": "Venezuela",
          "code": "es-VE"
        },
        {
          "name": "América Latina y el Caribe (Español)",
          "code": "es-419"
        },
        {
          "name": "Latin America and the Caribbean (English)",
          "code": "en-419"
        }
      ]
    },
    {
      "type": "The United States, Canada, and Puerto Rico",
      "map": [
        {
          "name": "Canada (English)",
          "code": "en-CA"
        },
        {
          "name": "Canada (Français)",
          "code": "fr-CA"
        },
        {
          "name": "Puerto Rico (English)",
          "code": "en-PR"
        },
        {
          "name": "Puerto Rico (Español)",
          "code": "es-PR"
        },
        {
          "name": "United States",
          "code": "en-US"
        }
      ]
    }
  ]
}
